open,high,low,close,volume,adj_high,adj_low,adj_close,adj_open,adj_volume,split_factor,dividend,name,exchange_code,asset_type,price_currency,symbol,exchange,date
243.91,245.18,241.84,244.47,48158313.0,245.18,241.84,244.47,244.15,48822491.0,1.0,0.0,Apple Inc,NASDAQ,Stock,USD,AAPL,XNAS,2025-02-18T00:00:00+0000
244.66,246.01,243.16,244.87,32184200.0,246.01,243.1604,244.87,244.66,32204215.0,1.0,0.0,Apple Inc,NASDAQ,Stock,USD,AAPL,XNAS,2025-02-19T00:00:00+0000
244.97,246.78,244.29,245.83,31125149.0,246.78,244.29,245.83,244.94,32316907.0,1.0,0.0,Apple Inc,NASDAQ,Stock,USD,AAPL,XNAS,2025-02-20T00:00:00+0000
245.95,248.69,245.22,245.55,53119400.0,248.69,245.22,245.55,245.95,53197431.0,1.0,0.0,Apple Inc,NASDAQ,Stock,USD,AAPL,XNAS,2025-02-21T00:00:00+0000
244.808,248.86,244.59,247.1,51143732.0,248.86,244.42,247.1,244.925,51326396.0,1.0,0.0,Apple Inc,NASDAQ,Stock,USD,AAPL,XNAS,2025-02-24T00:00:00+0000
248.0,249.98,244.91,247.04,46872348.0,250.0,244.91,247.04,248.0,48013272.0,1.0,0.0,Apple Inc,NASDAQ,Stock,USD,AAPL,XNAS,2025-02-25T00:00:00+0000
244.33,244.98,239.13,240.36,43602013.0,244.98,239.13,240.36,244.33,44433564.0,1.0,0.0,Apple Inc,NASDAQ,Stock,USD,AAPL,XNAS,2025-02-26T00:00:00+0000
239.41,242.46,237.1,237.3,40535155.0,242.46,237.06,237.3,239.41,41153639.0,1.0,0.0,Apple Inc,NASDAQ,Stock,USD,AAPL,XNAS,2025-02-27T00:00:00+0000
236.95,242.09,230.2,241.84,56796200.0,242.09,230.2,241.84,236.95,56833360.0,1.0,0.0,Apple Inc,NASDAQ,Stock,USD,AAPL,XNAS,2025-02-28T00:00:00+0000
241.722,244.0272,236.112,238.03,46788610.0,244.0272,236.112,238.03,241.79,47183985.0,1.0,0.0,Apple Inc,NASDAQ,Stock,USD,AAPL,XNAS,2025-03-03T00:00:00+0000
237.705,240.07,234.7,235.93,53101971.0,240.07,234.68,235.93,237.705,53798062.0,1.0,0.0,Apple Inc,NASDAQ,Stock,USD,AAPL,XNAS,2025-03-04T00:00:00+0000
235.42,236.55,229.23,235.74,47200800.0,236.55,229.23,235.74,235.42,47227643.0,1.0,0.0,Apple Inc,NASDAQ,Stock,USD,AAPL,XNAS,2025-03-05T00:00:00+0000
234.435,237.86,233.1581,235.33,44375329.0,237.86,233.1581,235.33,234.435,45170419.0,1.0,0.0,Apple Inc,NASDAQ,Stock,USD,AAPL,XNAS,2025-03-06T00:00:00+0000
235.11,241.37,234.76,239.07,46245700.0,241.37,234.76,239.07,235.105,46273565.0,1.0,0.0,Apple Inc,NASDAQ,Stock,USD,AAPL,XNAS,2025-03-07T00:00:00+0000
235.48,236.16,224.22,227.48,71374783.0,236.16,224.22,227.48,235.54,71451281.0,1.0,0.0,Apple Inc,NASDAQ,Stock,USD,AAPL,XNAS,2025-03-10T00:00:00+0000
223.8,225.8399,217.45,220.84,73947348.0,225.8399,217.45,220.84,223.805,76137410.0,1.0,0.0,Apple Inc,NASDAQ,Stock,USD,AAPL,XNAS,2025-03-11T00:00:00+0000
220.14,221.75,214.91,216.98,62466400.0,221.75,214.91,216.98,220.14,62547467.0,1.0,0.0,Apple Inc,NASDAQ,Stock,USD,AAPL,XNAS,2025-03-12T00:00:00+0000
215.94,216.8394,208.42,209.68,60306872.0,216.8394,208.42,209.68,215.95,61368330.0,1.0,0.0,Apple Inc,NASDAQ,Stock,USD,AAPL,XNAS,2025-03-13T00:00:00+0000
211.25,213.95,209.58,213.49,60060200.0,213.95,209.58,213.49,211.25,60107582.0,1.0,0.0,Apple Inc,NASDAQ,Stock,USD,AAPL,XNAS,2025-03-14T00:00:00+0000
213.36,215.22,209.98,214.0,47841607.0,215.22,209.97,214.0,213.31,48073426.0,1.0,0.0,Apple Inc,NASDAQ,Stock,USD,AAPL,XNAS,2025-03-17T00:00:00+0000
214.14,215.15,211.49,212.69,41207689.0,215.15,211.49,212.69,214.16,42432426.0,1.0,0.0,Apple Inc,NASDAQ,Stock,USD,AAPL,XNAS,2025-03-18T00:00:00+0000
214.22,218.76,213.75,215.24,54237276.0,218.76,213.75,215.24,214.22,54385391.0,1.0,0.0,Apple Inc,NASDAQ,Stock,USD,AAPL,XNAS,2025-03-19T00:00:00+0000
213.99,217.4899,212.22,214.1,48775040.0,217.4899,212.22,214.1,213.99,48862947.0,1.0,0.0,Apple Inc,NASDAQ,Stock,USD,AAPL,XNAS,2025-03-20T00:00:00+0000
211.56,218.84,211.28,218.27,93954500.0,218.84,211.28,218.27,211.56,94127768.0,1.0,0.0,Apple Inc,NASDAQ,Stock,USD,AAPL,XNAS,2025-03-21T00:00:00+0000
221.0,221.021,218.58,220.73,42364298.0,221.48,218.58,220.73,221.0,44299483.0,1.0,0.0,Apple Inc,NASDAQ,Stock,USD,AAPL,XNAS,2025-03-24T00:00:00+0000
220.81,224.1,220.08,223.75,34299912.0,224.1,220.08,223.75,220.77,34493583.0,1.0,0.0,Apple Inc,NASDAQ,Stock,USD,AAPL,XNAS,2025-03-25T00:00:00+0000
223.51,225.02,220.47,221.53,34436815.0,225.02,220.47,221.53,223.51,34532656.0,1.0,0.0,Apple Inc,NASDAQ,Stock,USD,AAPL,XNAS,2025-03-26T00:00:00+0000
221.33,224.99,220.5601,223.85,36700954.0,224.99,220.5601,223.85,221.39,37094774.0,1.0,0.0,Apple Inc,NASDAQ,Stock,USD,AAPL,XNAS,2025-03-27T00:00:00+0000
221.67,223.81,217.68,217.9,39784100.0,223.81,217.68,217.9,221.67,39818617.0,1.0,0.0,Apple Inc,NASDAQ,Stock,USD,AAPL,XNAS,2025-03-28T00:00:00+0000
217.22,224.97,216.24,222.13,65078252.0,225.62,216.23,222.13,217.005,65299321.0,1.0,0.0,Apple Inc,NASDAQ,Stock,USD,AAPL,XNAS,2025-03-31T00:00:00+0000
219.805,223.49,218.9,223.19,36361327.0,223.68,218.9,223.19,219.805,36412740.0,1.0,0.0,Apple Inc,NASDAQ,Stock,USD,AAPL,XNAS,2025-04-01T00:00:00+0000
221.19,225.19,221.05,223.89,31731885.0,225.19,221.02,223.89,221.315,35905904.0,1.0,0.0,Apple Inc,NASDAQ,Stock,USD,AAPL,XNAS,2025-04-02T00:00:00+0000
205.52,207.4899,201.25,203.19,102947073.0,207.49,201.25,203.19,205.54,103419006.0,1.0,0.0,Apple Inc,NASDAQ,Stock,USD,AAPL,XNAS,2025-04-03T00:00:00+0000
193.89,199.88,187.34,188.38,125569000.0,199.88,187.34,188.38,193.89,125910913.0,1.0,0.0,Apple Inc,NASDAQ,Stock,USD,AAPL,XNAS,2025-04-04T00:00:00+0000
177.24,194.14,174.62,181.46,157350538.0,194.15,174.62,181.46,177.2,160466286.0,1.0,0.0,Apple Inc,NASDAQ,Stock,USD,AAPL,XNAS,2025-04-07T00:00:00+0000
186.73,190.335,169.2101,172.42,119908881.0,190.335,169.2101,172.42,186.7,120859491.0,1.0,0.0,Apple Inc,NASDAQ,Stock,USD,AAPL,XNAS,2025-04-08T00:00:00+0000
172.179,200.61,171.89,198.85,182793290.0,200.61,171.89,198.85,171.95,184395885.0,1.0,0.0,Apple Inc,NASDAQ,Stock,USD,AAPL,XNAS,2025-04-09T00:00:00+0000
189.165,194.7799,183.0,190.42,117183840.0,194.7799,183.0,190.42,189.065,121879981.0,1.0,0.0,Apple Inc,NASDAQ,Stock,USD,AAPL,XNAS,2025-04-10T00:00:00+0000
186.1,199.54,186.06,198.15,87300000.0,199.54,186.06,198.15,186.1,87435915.0,1.0,0.0,Apple Inc,NASDAQ,Stock,USD,AAPL,XNAS,2025-04-11T00:00:00+0000
211.44,212.94,201.1621,202.52,100650083.0,212.94,201.1621,202.52,211.44,101352911.0,1.0,0.0,Apple Inc,NASDAQ,Stock,USD,AAPL,XNAS,2025-04-14T00:00:00+0000
201.855,203.505,199.82,202.14,50304417.0,203.51,199.8,202.14,201.855,51343872.0,1.0,0.0,Apple Inc,NASDAQ,Stock,USD,AAPL,XNAS,2025-04-15T00:00:00+0000
198.36,200.7,192.37,194.27,58802034.0,200.7,192.37,194.27,198.36,59732423.0,1.0,0.0,Apple Inc,NASDAQ,Stock,USD,AAPL,XNAS,2025-04-16T00:00:00+0000
197.2,198.8335,194.42,196.98,52164675.0,198.8335,194.42,196.98,197.2,52164675.0,1.0,0.0,Apple Inc,NASDAQ,Stock,USD,AAPL,XNAS,2025-04-17T00:00:00+0000
193.265,193.8,189.8112,193.16,46628147.0,193.8,189.8112,193.16,193.265,46742537.0,1.0,0.0,Apple Inc,NASDAQ,Stock,USD,AAPL,XNAS,2025-04-21T00:00:00+0000
196.07,201.55,196.0,199.74,51869389.0,201.59,195.97,199.74,196.12,52976371.0,1.0,0.0,Apple Inc,NASDAQ,Stock,USD,AAPL,XNAS,2025-04-22T00:00:00+0000
206.0,208.0,202.799,204.6,52803354.0,208.0,202.799,204.6,206.0,52929165.0,1.0,0.0,Apple Inc,NASDAQ,Stock,USD,AAPL,XNAS,2025-04-23T00:00:00+0000
204.89,208.83,202.94,208.37,47199300.0,208.8299,202.94,208.37,204.89,47310989.0,1.0,0.0,Apple Inc,NASDAQ,Stock,USD,AAPL,XNAS,2025-04-24T00:00:00+0000
206.37,209.75,206.2,209.28,38198600.0,209.75,206.2,209.28,206.365,38222258.0,1.0,0.0,Apple Inc,NASDAQ,Stock,USD,AAPL,XNAS,2025-04-25T00:00:00+0000
210.06,211.5,207.46,210.14,37235797.0,211.5,207.46,210.14,210.0,38743074.0,1.0,0.0,Apple Inc,NASDAQ,Stock,USD,AAPL,XNAS,2025-04-28T00:00:00+0000
208.693,212.24,208.37,211.21,34928894.0,212.24,208.37,211.21,208.693,36827633.0,1.0,0.0,Apple Inc,NASDAQ,Stock,USD,AAPL,XNAS,2025-04-29T00:00:00+0000
209.3,213.54,206.6705,212.5,50446935.0,213.58,206.6705,212.5,209.3,52286454.0,1.0,0.0,Apple Inc,NASDAQ,Stock,USD,AAPL,XNAS,2025-04-30T00:00:00+0000
209.08,214.56,208.9,213.32,56391200.0,214.56,208.9,213.32,209.08,57365675.0,1.0,0.0,Apple Inc,NASDAQ,Stock,USD,AAPL,XNAS,2025-05-01T00:00:00+0000
206.09,206.99,202.16,205.35,100912500.0,206.99,202.16,205.35,206.09,101010621.0,1.0,0.0,Apple Inc,NASDAQ,Stock,USD,AAPL,XNAS,2025-05-02T00:00:00+0000
203.1,204.1,198.21,198.89,68915400.0,204.1,198.21,198.89,203.1,69018452.0,1.0,0.0,Apple Inc,NASDAQ,Stock,USD,AAPL,XNAS,2025-05-05T00:00:00+0000
198.125,200.649,197.02,198.51,49201973.0,200.65,197.02,198.51,198.21,51216482.0,1.0,0.0,Apple Inc,NASDAQ,Stock,USD,AAPL,XNAS,2025-05-06T00:00:00+0000
199.195,199.44,193.25,196.25,65920024.0,199.44,193.25,196.25,199.17,68616943.0,1.0,0.0,Apple Inc,NASDAQ,Stock,USD,AAPL,XNAS,2025-05-07T00:00:00+0000
197.74,200.0498,194.6796,197.49,49118233.0,200.05,194.6796,197.49,197.72,50478872.0,1.0,0.0,Apple Inc,NASDAQ,Stock,USD,AAPL,XNAS,2025-05-08T00:00:00+0000
199.0,200.54,197.54,198.53,36415700.0,200.5399,197.535,198.27,199.0,36453923.0,1.0,0.0,Apple Inc,NASDAQ,Stock,USD,AAPL,XNAS,2025-05-09T00:00:00+0000
210.97,211.2665,206.75,210.79,63024455.0,211.2679,206.75,210.79,210.97,63775814.0,1.0,0.26,Apple Inc,NASDAQ,Stock,USD,AAPL,XNAS,2025-05-12T00:00:00+0000
210.43,213.4,209.0,212.93,51759900.0,213.4,209.0,212.93,210.43,51909332.0,1.0,0.0,Apple Inc,NASDAQ,Stock,USD,AAPL,XNAS,2025-05-13T00:00:00+0000
212.43,213.94,210.58,212.33,49253000.0,213.94,210.5801,212.33,212.43,49325825.0,1.0,0.0,Apple Inc,NASDAQ,Stock,USD,AAPL,XNAS,2025-05-14T00:00:00+0000
210.95,212.96,209.54,211.45,44979900.0,212.96,209.54,211.45,210.95,45029473.0,1.0,0.0,Apple Inc,NASDAQ,Stock,USD,AAPL,XNAS,2025-05-15T00:00:00+0000
212.36,212.57,209.77,211.26,53659100.0,212.57,209.77,211.26,212.36,54737850.0,1.0,0.0,Apple Inc,NASDAQ,Stock,USD,AAPL,XNAS,2025-05-16T00:00:00+0000
207.91,209.48,204.26,208.78,45310800.0,209.48,204.26,208.78,207.91,46140527.0,1.0,0.0,Apple Inc,NASDAQ,Stock,USD,AAPL,XNAS,2025-05-19T00:00:00+0000
207.67,208.47,205.03,206.86,42443700.0,208.47,205.03,206.86,207.67,42496635.0,1.0,0.0,Apple Inc,NASDAQ,Stock,USD,AAPL,XNAS,2025-05-20T00:00:00+0000
205.17,207.04,200.71,202.09,59134800.0,207.04,200.71,202.09,205.17,59211774.0,1.0,0.0,Apple Inc,NASDAQ,Stock,USD,AAPL,XNAS,2025-05-21T00:00:00+0000
200.71,202.75,199.7,201.36,46633900.0,202.75,199.7,201.36,200.71,46742407.0,1.0,0.0,Apple Inc,NASDAQ,Stock,USD,AAPL,XNAS,2025-05-22T00:00:00+0000
193.665,197.7,193.46,195.27,78432918.0,197.7,193.46,195.27,193.665,78432918.0,1.0,0.0,Apple Inc,NASDAQ,Stock,USD,AAPL,XNAS,2025-05-23T00:00:00+0000
198.3,200.74,197.43,200.21,56229000.0,200.74,197.43,200.21,198.3,56288475.0,1.0,0.0,Apple Inc,NASDAQ,Stock,USD,AAPL,XNAS,2025-05-27T00:00:00+0000
200.59,202.73,199.9,200.42,44158300.0,202.73,199.9,200.42,200.59,45339678.0,1.0,0.0,Apple Inc,NASDAQ,Stock,USD,AAPL,XNAS,2025-05-28T00:00:00+0000
203.575,203.78,198.51,199.95,51174958.0,203.81,198.51,199.95,203.575,51477938.0,1.0,0.0,Apple Inc,NASDAQ,Stock,USD,AAPL,XNAS,2025-05-29T00:00:00+0000
199.37,201.96,196.78,200.85,70753100.0,201.96,196.78,200.85,199.37,70819942.0,1.0,0.0,Apple Inc,NASDAQ,Stock,USD,AAPL,XNAS,2025-05-30T00:00:00+0000
200.15,202.13,200.12,201.7,35314257.0,202.13,200.12,201.7,200.28,35423294.0,1.0,0.0,Apple Inc,NASDAQ,Stock,USD,AAPL,XNAS,2025-06-02T00:00:00+0000
201.35,203.77,200.96,203.27,46342500.0,203.77,200.955,203.27,201.35,46381567.0,1.0,0.0,Apple Inc,NASDAQ,Stock,USD,AAPL,XNAS,2025-06-03T00:00:00+0000
202.91,206.24,202.15,202.82,42889828.0,206.24,202.1,202.82,202.91,43603985.0,1.0,0.0,Apple Inc,NASDAQ,Stock,USD,AAPL,XNAS,2025-06-04T00:00:00+0000
203.5,204.75,200.15,200.63,55126100.0,204.75,200.15,200.63,203.5,55221235.0,1.0,0.0,Apple Inc,NASDAQ,Stock,USD,AAPL,XNAS,2025-06-05T00:00:00+0000
203.0,205.7,202.05,203.92,46539200.0,205.7,202.05,203.92,203.0,46607693.0,1.0,0.0,Apple Inc,NASDAQ,Stock,USD,AAPL,XNAS,2025-06-06T00:00:00+0000
204.39,206.0,200.02,201.45,72726700.0,206.0,200.02,201.45,204.39,72862557.0,1.0,0.0,Apple Inc,NASDAQ,Stock,USD,AAPL,XNAS,2025-06-09T00:00:00+0000
200.6,204.35,200.57,202.67,54553200.0,204.35,200.57,202.67,200.6,54672608.0,1.0,0.0,Apple Inc,NASDAQ,Stock,USD,AAPL,XNAS,2025-06-10T00:00:00+0000
203.5,204.5,198.41,198.78,60820200.0,204.5,198.41,198.78,203.5,60989857.0,1.0,0.0,Apple Inc,NASDAQ,Stock,USD,AAPL,XNAS,2025-06-11T00:00:00+0000
199.08,199.68,197.36,199.2,43758300.0,199.68,197.3601,199.2,199.08,43904635.0,1.0,0.0,Apple Inc,NASDAQ,Stock,USD,AAPL,XNAS,2025-06-12T00:00:00+0000
199.73,200.37,195.7,196.45,51362400.0,200.37,195.7,196.45,199.73,51447349.0,1.0,0.0,Apple Inc,NASDAQ,Stock,USD,AAPL,XNAS,2025-06-13T00:00:00+0000
197.29,198.685,196.5636,198.42,42837838.0,198.685,196.5636,198.42,197.3,43020691.0,1.0,0.0,Apple Inc,NASDAQ,Stock,USD,AAPL,XNAS,2025-06-16T00:00:00+0000
197.2,198.3889,195.21,195.64,38772936.0,198.39,195.21,195.64,197.2,38856152.0,1.0,0.0,Apple Inc,NASDAQ,Stock,USD,AAPL,XNAS,2025-06-17T00:00:00+0000
195.945,197.57,195.07,196.58,44864157.0,197.57,195.07,196.58,195.94,45394689.0,1.0,0.0,Apple Inc,NASDAQ,Stock,USD,AAPL,XNAS,2025-06-18T00:00:00+0000
198.235,201.7,196.855,201.0,96813542.0,201.7,196.855,201.0,198.235,96813542.0,1.0,0.0,Apple Inc,NASDAQ,Stock,USD,AAPL,XNAS,2025-06-20T00:00:00+0000
201.532,202.3,198.96,201.5,55481396.0,202.3,198.96,201.5,201.625,55814272.0,1.0,0.0,Apple Inc,NASDAQ,Stock,USD,AAPL,XNAS,2025-06-23T00:00:00+0000
202.59,203.44,200.2,200.3,53899923.0,203.44,200.2,200.3,202.59,54064033.0,1.0,0.0,Apple Inc,NASDAQ,Stock,USD,AAPL,XNAS,2025-06-24T00:00:00+0000
201.45,203.67,200.62,201.56,39454000.0,203.67,200.6201,201.56,201.45,39525730.0,1.0,0.0,Apple Inc,NASDAQ,Stock,USD,AAPL,XNAS,2025-06-25T00:00:00+0000
201.43,202.615,199.46,201.0,50117398.0,202.64,199.46,201.0,201.43,50799121.0,1.0,0.0,Apple Inc,NASDAQ,Stock,USD,AAPL,XNAS,2025-06-26T00:00:00+0000
201.89,203.22,200.0,201.08,73114100.0,203.22,200.0,201.08,201.89,73188571.0,1.0,0.0,Apple Inc,NASDAQ,Stock,USD,AAPL,XNAS,2025-06-27T00:00:00+0000
202.01,207.39,199.2607,205.17,90651078.0,207.39,199.2607,205.17,202.01,91912816.0,1.0,0.0,Apple Inc,NASDAQ,Stock,USD,AAPL,XNAS,2025-06-30T00:00:00+0000
206.665,210.1865,206.1401,207.82,77921627.0,210.1865,206.1401,207.82,206.665,78788867.0,1.0,0.0,Apple Inc,NASDAQ,Stock,USD,AAPL,XNAS,2025-07-01T00:00:00+0000
209.08,213.34,208.14,212.44,67834447.0,213.34,208.14,212.44,208.91,67941811.0,1.0,0.0,Apple Inc,NASDAQ,Stock,USD,AAPL,XNAS,2025-07-02T00:00:00+0000
212.145,214.65,211.8101,213.55,34955836.0,214.65,211.8101,213.55,212.145,34955836.0,1.0,0.0,Apple Inc,NASDAQ,Stock,USD,AAPL,XNAS,2025-07-03T00:00:00+0000
212.68,216.23,208.8,209.95,49905104.0,216.23,208.8,209.95,212.68,50228984.0,1.0,0.0,Apple Inc,NASDAQ,Stock,USD,AAPL,XNAS,2025-07-07T00:00:00+0000
210.13,211.43,208.45,210.01,42036884.0,211.43,208.45,210.01,210.1,42848928.0,1.0,0.0,Apple Inc,NASDAQ,Stock,USD,AAPL,XNAS,2025-07-08T00:00:00+0000
209.53,211.33,207.22,211.14,48408519.0,211.33,207.22,211.14,209.53,48749367.0,1.0,0.0,Apple Inc,NASDAQ,Stock,USD,AAPL,XNAS,2025-07-09T00:00:00+0000
210.505,213.48,210.12,212.41,43770740.0,213.48,210.03,212.41,210.505,44443635.0,1.0,0.0,Apple Inc,NASDAQ,Stock,USD,AAPL,XNAS,2025-07-10T00:00:00+0000
210.57,212.13,209.86,211.16,39719300.0,212.13,209.86,211.16,210.565,39765812.0,1.0,0.0,Apple Inc,NASDAQ,Stock,USD,AAPL,XNAS,2025-07-11T00:00:00+0000
209.909,210.91,207.54,208.62,37683849.0,210.91,207.54,208.62,209.925,38840111.0,1.0,0.0,Apple Inc,NASDAQ,Stock,USD,AAPL,XNAS,2025-07-14T00:00:00+0000
209.15,211.89,208.92,209.11,42071894.0,211.89,208.92,209.11,209.22,42296339.0,1.0,0.0,Apple Inc,NASDAQ,Stock,USD,AAPL,XNAS,2025-07-15T00:00:00+0000
210.29,212.4,208.64,210.16,47148580.0,212.4,208.64,210.16,210.295,47490532.0,1.0,0.0,Apple Inc,NASDAQ,Stock,USD,AAPL,XNAS,2025-07-16T00:00:00+0000
210.625,211.8,209.59,210.02,47738194.0,211.8,209.59,210.02,210.57,48068141.0,1.0,0.0,Apple Inc,NASDAQ,Stock,USD,AAPL,XNAS,2025-07-17T00:00:00+0000
210.87,211.79,209.7,211.18,48939500.0,211.79,209.7045,211.18,210.87,48974591.0,1.0,0.0,Apple Inc,NASDAQ,Stock,USD,AAPL,XNAS,2025-07-18T00:00:00+0000
212.05,215.78,211.6409,212.48,51064253.0,215.78,211.63,212.48,212.1,51377434.0,1.0,0.0,Apple Inc,NASDAQ,Stock,USD,AAPL,XNAS,2025-07-21T00:00:00+0000
213.14,214.95,212.23,214.4,46300400.0,214.95,212.2301,214.4,213.14,46404072.0,1.0,0.0,Apple Inc,NASDAQ,Stock,USD,AAPL,XNAS,2025-07-22T00:00:00+0000
215.045,215.1,212.41,214.15,46415026.0,215.15,212.41,214.15,215.0,46989301.0,1.0,0.0,Apple Inc,NASDAQ,Stock,USD,AAPL,XNAS,2025-07-23T00:00:00+0000
213.9,215.69,213.53,213.76,45773373.0,215.69,213.53,213.76,213.9,46022620.0,1.0,0.0,Apple Inc,NASDAQ,Stock,USD,AAPL,XNAS,2025-07-24T00:00:00+0000
214.7,215.24,213.4,213.88,40219700.0,215.24,213.4,213.88,214.7,40268781.0,1.0,0.0,Apple Inc,NASDAQ,Stock,USD,AAPL,XNAS,2025-07-25T00:00:00+0000
214.03,214.85,213.06,214.05,37796900.0,214.845,213.06,214.05,214.03,37858017.0,1.0,0.0,Apple Inc,NASDAQ,Stock,USD,AAPL,XNAS,2025-07-28T00:00:00+0000
214.18,214.81,210.82,211.27,49943600.0,214.81,210.82,211.27,214.175,51411723.0,1.0,0.0,Apple Inc,NASDAQ,Stock,USD,AAPL,XNAS,2025-07-29T00:00:00+0000
211.9,212.39,207.72,209.05,43797200.0,212.39,207.72,209.05,211.895,45512514.0,1.0,0.0,Apple Inc,NASDAQ,Stock,USD,AAPL,XNAS,2025-07-30T00:00:00+0000
208.49,209.84,207.16,207.57,78744400.0,209.84,207.16,207.57,208.49,80698431.0,1.0,0.0,Apple Inc,NASDAQ,Stock,USD,AAPL,XNAS,2025-07-31T00:00:00+0000
210.87,213.58,201.5,202.38,104301700.0,213.58,201.5,202.38,210.865,104434473.0,1.0,0.0,Apple Inc,NASDAQ,Stock,USD,AAPL,XNAS,2025-08-01T00:00:00+0000
204.51,207.88,201.68,203.35,75020600.0,207.88,201.675,203.35,204.505,75109298.0,1.0,0.0,Apple Inc,NASDAQ,Stock,USD,AAPL,XNAS,2025-08-04T00:00:00+0000
203.4,205.34,202.16,202.92,44106200.0,205.34,202.16,202.92,203.4,44155079.0,1.0,0.0,Apple Inc,NASDAQ,Stock,USD,AAPL,XNAS,2025-08-05T00:00:00+0000
205.63,215.38,205.59,213.25,106498000.0,215.38,205.59,213.25,205.63,108483103.0,1.0,0.0,Apple Inc,NASDAQ,Stock,USD,AAPL,XNAS,2025-08-06T00:00:00+0000
218.88,220.85,216.58,220.03,89932900.0,220.85,216.58,220.03,218.875,90224834.0,1.0,0.0,Apple Inc,NASDAQ,Stock,USD,AAPL,XNAS,2025-08-07T00:00:00+0000
220.83,231.0,219.25,229.35,113696100.0,231.0,219.25,229.35,220.83,113853967.0,1.0,0.0,Apple Inc,NASDAQ,Stock,USD,AAPL,XNAS,2025-08-08T00:00:00+0000
227.92,229.56,224.76,227.18,61725300.0,229.56,224.76,227.18,227.92,61806132.0,1.0,0.26,Apple Inc,NASDAQ,Stock,USD,AAPL,XNAS,2025-08-11T00:00:00+0000
228.01,230.8,227.07,229.65,55626200.0,230.8,227.07,229.65,228.005,55672301.0,1.0,0.0,Apple Inc,NASDAQ,Stock,USD,AAPL,XNAS,2025-08-12T00:00:00+0000
231.07,235.0,230.43,233.33,69833200.0,235.0,230.43,233.33,231.07,69878546.0,1.0,0.0,Apple Inc,NASDAQ,Stock,USD,AAPL,XNAS,2025-08-13T00:00:00+0000
234.06,235.12,230.85,232.78,51857600.0,235.12,230.85,232.78,234.055,51916275.0,1.0,0.0,Apple Inc,NASDAQ,Stock,USD,AAPL,XNAS,2025-08-14T00:00:00+0000
234.0,234.28,229.34,231.59,56010500.0,234.28,229.335,231.59,234.0,56038657.0,1.0,0.0,Apple Inc,NASDAQ,Stock,USD,AAPL,XNAS,2025-08-15T00:00:00+0000
231.78,233.12,230.11,230.89,36051605.0,233.12,230.11,230.89,231.7,37476188.0,1.0,0.0,Apple Inc,NASDAQ,Stock,USD,AAPL,XNAS,2025-08-18T00:00:00+0000
231.28,232.87,229.35,230.56,39320800.0,232.87,229.35,230.56,231.275,39402564.0,1.0,0.0,Apple Inc,NASDAQ,Stock,USD,AAPL,XNAS,2025-08-19T00:00:00+0000
229.98,230.47,225.77,226.01,42190600.0,230.47,225.77,226.01,229.98,42263865.0,1.0,0.0,Apple Inc,NASDAQ,Stock,USD,AAPL,XNAS,2025-08-20T00:00:00+0000
226.27,226.52,223.78,224.9,30593700.0,226.52,223.7804,224.9,226.27,30621249.0,1.0,0.0,Apple Inc,NASDAQ,Stock,USD,AAPL,XNAS,2025-08-21T00:00:00+0000
226.17,229.09,225.41,227.76,42445300.0,229.09,225.41,227.76,226.17,42477811.0,1.0,0.0,Apple Inc,NASDAQ,Stock,USD,AAPL,XNAS,2025-08-22T00:00:00+0000
226.48,229.3,226.23,227.16,30965700.0,229.3,226.23,227.16,226.48,30983133.0,1.0,0.0,Apple Inc,NASDAQ,Stock,USD,AAPL,XNAS,2025-08-25T00:00:00+0000
226.87,229.49,224.69,229.31,54524400.0,229.49,224.69,229.31,226.87,54575107.0,1.0,0.0,Apple Inc,NASDAQ,Stock,USD,AAPL,XNAS,2025-08-26T00:00:00+0000
228.61,230.9,228.26,230.49,31200700.0,230.9,228.26,230.49,228.61,31259513.0,1.0,0.0,Apple Inc,NASDAQ,Stock,USD,AAPL,XNAS,2025-08-27T00:00:00+0000
230.81,233.41,229.335,232.56,37892960.0,233.41,229.335,232.56,230.82,38074700.0,1.0,0.0,Apple Inc,NASDAQ,Stock,USD,AAPL,XNAS,2025-08-28T00:00:00+0000
232.51,233.38,231.37,232.14,39418437.0,233.38,231.37,232.14,232.51,39418437.0,1.0,0.0,Apple Inc,NASDAQ,Stock,USD,AAPL,XNAS,2025-08-29T00:00:00+0000
229.25,230.85,226.97,229.72,43804400.0,230.85,226.97,229.72,229.25,44075638.0,1.0,0.0,Apple Inc,NASDAQ,Stock,USD,AAPL,XNAS,2025-09-02T00:00:00+0000
237.21,238.85,234.36,238.47,66302400.0,238.85,234.36,238.47,237.21,66061716.0,1.0,0.0,Apple Inc,NASDAQ,Stock,USD,AAPL,XNAS,2025-09-03T00:00:00+0000
238.45,239.9,236.74,239.78,47504000.0,239.8999,236.74,239.78,238.45,47549429.0,1.0,0.0,Apple Inc,NASDAQ,Stock,USD,AAPL,XNAS,2025-09-04T00:00:00+0000
240.0,241.32,238.49,239.69,54837300.0,241.32,238.4901,239.69,239.995,54870397.0,1.0,0.0,Apple Inc,NASDAQ,Stock,USD,AAPL,XNAS,2025-09-05T00:00:00+0000
239.3,240.15,236.34,237.88,48959400.0,240.15,236.34,237.88,239.3,48999495.0,1.0,0.0,Apple Inc,NASDAQ,Stock,USD,AAPL,XNAS,2025-09-08T00:00:00+0000
237.0,238.78,233.36,234.35,66153200.0,238.7805,233.36,234.35,237.0,66313918.0,1.0,0.0,Apple Inc,NASDAQ,Stock,USD,AAPL,XNAS,2025-09-09T00:00:00+0000
232.19,232.42,225.95,226.79,83321600.0,232.42,225.95,226.79,232.185,83440810.0,1.0,0.0,Apple Inc,NASDAQ,Stock,USD,AAPL,XNAS,2025-09-10T00:00:00+0000
226.88,230.45,226.65,230.03,50150900.0,230.45,226.65,230.03,226.875,50208578.0,1.0,0.0,Apple Inc,NASDAQ,Stock,USD,AAPL,XNAS,2025-09-11T00:00:00+0000
229.22,234.51,229.02,234.07,55776500.0,234.51,229.02,234.07,229.22,55824216.0,1.0,0.0,Apple Inc,NASDAQ,Stock,USD,AAPL,XNAS,2025-09-12T00:00:00+0000
237.0,238.19,235.03,236.7,42583729.0,238.19,235.03,236.7,237.0,42699524.0,1.0,0.0,Apple Inc,NASDAQ,Stock,USD,AAPL,XNAS,2025-09-15T00:00:00+0000
237.18,241.22,236.3235,238.15,61246555.0,241.22,236.3235,238.15,237.175,63421099.0,1.0,0.0,Apple Inc,NASDAQ,Stock,USD,AAPL,XNAS,2025-09-16T00:00:00+0000
238.97,240.1,237.73,238.99,46435200.0,240.1,237.7301,238.99,238.97,46508017.0,1.0,0.0,Apple Inc,NASDAQ,Stock,USD,AAPL,XNAS,2025-09-17T00:00:00+0000
239.97,241.2,236.65,237.88,44219200.0,241.2,236.65,237.88,239.97,44249576.0,1.0,0.0,Apple Inc,NASDAQ,Stock,USD,AAPL,XNAS,2025-09-18T00:00:00+0000
241.23,246.3,240.21,245.5,163470300.0,246.3,240.2106,245.5,241.225,163741314.0,1.0,0.0,Apple Inc,NASDAQ,Stock,USD,AAPL,XNAS,2025-09-19T00:00:00+0000
248.3,256.64,248.12,256.08,105413200.0,256.64,248.12,256.08,248.3,105517416.0,1.0,0.0,Apple Inc,NASDAQ,Stock,USD,AAPL,XNAS,2025-09-22T00:00:00+0000
255.88,257.34,253.58,254.43,60232300.0,257.34,253.58,254.43,255.875,60275187.0,1.0,0.0,Apple Inc,NASDAQ,Stock,USD,AAPL,XNAS,2025-09-23T00:00:00+0000
255.22,255.74,251.04,252.31,42265200.0,255.74,251.04,252.31,255.22,42303710.0,1.0,0.0,Apple Inc,NASDAQ,Stock,USD,AAPL,XNAS,2025-09-24T00:00:00+0000
253.21,257.17,251.71,256.87,55061300.0,257.17,251.712,256.87,253.205,55202075.0,1.0,0.0,Apple Inc,NASDAQ,Stock,USD,AAPL,XNAS,2025-09-25T00:00:00+0000
254.1,257.6,253.78,255.46,46045700.0,257.6,253.78,255.46,254.095,46076258.0,1.0,0.0,Apple Inc,NASDAQ,Stock,USD,AAPL,XNAS,2025-09-26T00:00:00+0000
254.56,255.0,253.01,254.43,40091100.0,255.0,253.01,254.43,254.56,40127687.0,1.0,0.0,Apple Inc,NASDAQ,Stock,USD,AAPL,XNAS,2025-09-29T00:00:00+0000
254.86,255.92,253.11,254.63,37666900.0,255.919,253.11,254.63,254.855,37704259.0,1.0,0.0,Apple Inc,NASDAQ,Stock,USD,AAPL,XNAS,2025-09-30T00:00:00+0000
255.04,258.79,254.95,255.45,45889562.0,258.79,254.93,255.45,255.04,48713940.0,1.0,0.0,Apple Inc,NASDAQ,Stock,USD,AAPL,XNAS,2025-10-01T00:00:00+0000
256.58,258.18,254.15,257.13,42597200.0,258.18,254.15,257.13,256.575,42630239.0,1.0,0.0,Apple Inc,NASDAQ,Stock,USD,AAPL,XNAS,2025-10-02T00:00:00+0000
254.67,259.24,253.95,258.02,49107000.0,259.24,253.95,258.02,254.665,49155614.0,1.0,0.0,Apple Inc,NASDAQ,Stock,USD,AAPL,XNAS,2025-10-03T00:00:00+0000
257.99,259.07,255.05,256.69,44292200.0,259.07,255.05,256.69,257.99,44664118.0,1.0,0.0,Apple Inc,NASDAQ,Stock,USD,AAPL,XNAS,2025-10-06T00:00:00+0000
256.81,257.4,255.43,256.48,31923700.0,257.4,255.43,256.48,256.805,31955776.0,1.0,0.0,Apple Inc,NASDAQ,Stock,USD,AAPL,XNAS,2025-10-07T00:00:00+0000
256.52,258.52,256.11,258.06,36465000.0,258.52,256.11,258.06,256.52,36496895.0,1.0,0.0,Apple Inc,NASDAQ,Stock,USD,AAPL,XNAS,2025-10-08T00:00:00+0000
257.81,258.0,253.14,254.04,38270200.0,258.0,253.14,254.04,257.805,38322012.0,1.0,0.0,Apple Inc,NASDAQ,Stock,USD,AAPL,XNAS,2025-10-09T00:00:00+0000
254.94,256.38,244.0,245.27,61782400.0,256.38,244.0,245.27,254.94,61999098.0,1.0,0.0,Apple Inc,NASDAQ,Stock,USD,AAPL,XNAS,2025-10-10T00:00:00+0000
249.38,249.69,245.56,247.66,38104400.0,249.69,245.56,247.66,249.38,38142942.0,1.0,0.0,Apple Inc,NASDAQ,Stock,USD,AAPL,XNAS,2025-10-13T00:00:00+0000
246.6,248.85,244.7,247.77,35447900.0,248.845,244.7,247.77,246.6,35477986.0,1.0,0.0,Apple Inc,NASDAQ,Stock,USD,AAPL,XNAS,2025-10-14T00:00:00+0000
249.49,251.82,247.47,249.34,33839800.0,251.82,247.47,249.34,249.485,33893611.0,1.0,0.0,Apple Inc,NASDAQ,Stock,USD,AAPL,XNAS,2025-10-15T00:00:00+0000
248.25,249.04,245.13,247.45,39698000.0,249.04,245.13,247.45,248.25,39776974.0,1.0,0.0,Apple Inc,NASDAQ,Stock,USD,AAPL,XNAS,2025-10-16T00:00:00+0000
248.02,253.38,247.27,252.29,48876500.0,253.38,247.27,252.29,248.02,49146961.0,1.0,0.0,Apple Inc,NASDAQ,Stock,USD,AAPL,XNAS,2025-10-17T00:00:00+0000
255.89,264.38,255.63,262.24,90370300.0,264.375,255.63,262.24,255.885,90483029.0,1.0,0.0,Apple Inc,NASDAQ,Stock,USD,AAPL,XNAS,2025-10-20T00:00:00+0000
261.88,265.29,261.83,262.77,46659000.0,265.29,261.83,262.77,261.88,46695948.0,1.0,0.0,Apple Inc,NASDAQ,Stock,USD,AAPL,XNAS,2025-10-21T00:00:00+0000
262.65,262.85,255.43,258.45,44954300.0,262.85,255.43,258.45,262.65,45015254.0,1.0,0.0,Apple Inc,NASDAQ,Stock,USD,AAPL,XNAS,2025-10-22T00:00:00+0000
259.94,260.62,258.01,259.58,32647300.0,260.62,258.0101,259.58,259.94,32754941.0,1.0,0.0,Apple Inc,NASDAQ,Stock,USD,AAPL,XNAS,2025-10-23T00:00:00+0000
261.19,264.13,259.18,262.82,38221700.0,264.13,259.18,262.82,261.19,38253717.0,1.0,0.0,Apple Inc,NASDAQ,Stock,USD,AAPL,XNAS,2025-10-24T00:00:00+0000
264.88,269.12,264.65,268.81,44701700.0,269.12,264.6501,268.81,264.88,44888152.0,1.0,0.0,Apple Inc,NASDAQ,Stock,USD,AAPL,XNAS,2025-10-27T00:00:00+0000
268.99,269.89,268.15,269.0,41461500.0,269.89,268.15,269.0,268.985,41534759.0,1.0,0.0,Apple Inc,NASDAQ,Stock,USD,AAPL,XNAS,2025-10-28T00:00:00+0000
269.28,271.41,267.11,269.7,50984000.0,271.41,267.11,269.7,269.275,51086742.0,1.0,0.0,Apple Inc,NASDAQ,Stock,USD,AAPL,XNAS,2025-10-29T00:00:00+0000
271.99,274.14,268.48,271.4,68953200.0,274.14,268.48,271.4,271.99,69886534.0,1.0,0.0,Apple Inc,NASDAQ,Stock,USD,AAPL,XNAS,2025-10-30T00:00:00+0000
276.99,277.32,269.16,270.37,86096700.0,277.32,269.16,270.37,276.99,86167123.0,1.0,0.0,Apple Inc,NASDAQ,Stock,USD,AAPL,XNAS,2025-10-31T00:00:00+0000
270.42,270.85,266.25,269.05,48150989.0,270.85,266.25,269.05,270.42,50194583.0,1.0,0.0,Apple Inc,NASDAQ,Stock,USD,AAPL,XNAS,2025-11-03T00:00:00+0000
268.2425,271.486,267.615,270.04,49104660.0,271.486,267.615,270.04,268.325,49274846.0,1.0,0.0,Apple Inc,NASDAQ,Stock,USD,AAPL,XNAS,2025-11-04T00:00:00+0000
268.59,271.7,266.93,270.14,40379287.0,271.7,266.93,270.14,268.61,42586288.0,1.0,0.0,Apple Inc,NASDAQ,Stock,USD,AAPL,XNAS,2025-11-05T00:00:00+0000
267.89,273.4,267.89,269.77,45608876.0,273.4,267.89,269.77,267.89,51204045.0,1.0,0.0,Apple Inc,NASDAQ,Stock,USD,AAPL,XNAS,2025-11-06T00:00:00+0000
269.795,272.29,266.78,268.47,45140079.0,272.29,266.77,268.47,269.795,48227365.0,1.0,0.0,Apple Inc,NASDAQ,Stock,USD,AAPL,XNAS,2025-11-07T00:00:00+0000
268.96,273.73,267.46,269.43,41282100.0,273.73,267.455,269.43,268.96,41312412.0,1.0,0.26,Apple Inc,NASDAQ,Stock,USD,AAPL,XNAS,2025-11-10T00:00:00+0000
269.81,275.845,269.8,275.25,45848160.0,275.91,269.8,275.25,269.81,46208318.0,1.0,0.0,Apple Inc,NASDAQ,Stock,USD,AAPL,XNAS,2025-11-11T00:00:00+0000
275.075,275.73,271.87,273.47,48058755.0,275.73,271.7,273.47,275.0,48397982.0,1.0,0.0,Apple Inc,NASDAQ,Stock,USD,AAPL,XNAS,2025-11-12T00:00:00+0000
274.11,276.7,272.09,272.95,49565800.0,276.699,272.09,272.95,274.11,49602794.0,1.0,0.0,Apple Inc,NASDAQ,Stock,USD,AAPL,XNAS,2025-11-13T00:00:00+0000
271.05,275.96,269.6,272.41,47399300.0,275.96,269.6,272.41,271.05,47431331.0,1.0,0.0,Apple Inc,NASDAQ,Stock,USD,AAPL,XNAS,2025-11-14T00:00:00+0000
268.72,270.49,265.73,267.46,44918325.0,270.49,265.73,267.46,268.815,45018260.0,1.0,0.0,Apple Inc,NASDAQ,Stock,USD,AAPL,XNAS,2025-11-17T00:00:00+0000
269.915,270.705,265.32,267.44,43692217.0,270.71,265.32,267.44,269.99,45677278.0,1.0,0.0,Apple Inc,NASDAQ,Stock,USD,AAPL,XNAS,2025-11-18T00:00:00+0000
265.525,272.21,265.5,268.56,35871303.0,272.21,265.5,268.56,265.525,40424492.0,1.0,0.0,Apple Inc,NASDAQ,Stock,USD,AAPL,XNAS,2025-11-19T00:00:00+0000
270.81,275.43,265.92,266.25,43720835.0,275.43,265.92,266.25,270.83,45823568.0,1.0,0.0,Apple Inc,NASDAQ,Stock,USD,AAPL,XNAS,2025-11-20T00:00:00+0000
265.88,273.315,265.82,271.49,55524271.0,273.33,265.67,271.49,265.95,59030832.0,1.0,0.0,Apple Inc,NASDAQ,Stock,USD,AAPL,XNAS,2025-11-21T00:00:00+0000
270.9,276.98,270.9,275.92,61882174.0,277.0,270.9,275.92,270.9,65585796.0,1.0,0.0,Apple Inc,NASDAQ,Stock,USD,AAPL,XNAS,2025-11-24T00:00:00+0000
275.27,280.38,275.25,276.97,46888700.0,280.38,275.25,276.97,275.27,46914220.0,1.0,0.0,Apple Inc,NASDAQ,Stock,USD,AAPL,XNAS,2025-11-25T00:00:00+0000
276.96,279.53,276.63,277.55,33431400.0,279.53,276.63,277.55,276.96,33431423.0,1.0,0.0,Apple Inc,NASDAQ,Stock,USD,AAPL,XNAS,2025-11-26T00:00:00+0000
277.26,279.0,275.9865,278.85,19033072.0,279.0,275.9865,278.85,277.26,20135620.0,1.0,0.0,Apple Inc,NASDAQ,Stock,USD,AAPL,XNAS,2025-11-28T00:00:00+0000
278.01,283.42,276.14,283.1,46528400.0,283.42,276.14,283.1,278.01,46587722.0,1.0,0.0,Apple Inc,NASDAQ,Stock,USD,AAPL,XNAS,2025-12-01T00:00:00+0000
283.0,287.4,282.63,286.19,53615500.0,287.4,282.6301,286.19,283.0,53669532.0,1.0,0.0,Apple Inc,NASDAQ,Stock,USD,AAPL,XNAS,2025-12-02T00:00:00+0000
286.2,288.61,283.54,284.15,38438153.0,288.62,283.3,284.15,286.2,43538687.0,1.0,0.0,Apple Inc,NASDAQ,Stock,USD,AAPL,XNAS,2025-12-03T00:00:00+0000
284.095,284.73,278.59,280.7,42680947.0,284.73,278.59,280.7,284.095,43989056.0,1.0,0.0,Apple Inc,NASDAQ,Stock,USD,AAPL,XNAS,2025-12-04T00:00:00+0000
280.54,281.14,278.05,278.78,45584026.0,281.14,278.05,278.78,280.54,47265845.0,1.0,0.0,Apple Inc,NASDAQ,Stock,USD,AAPL,XNAS,2025-12-05T00:00:00+0000
278.1685,279.6693,276.15,277.89,35028165.0,279.6693,276.15,277.89,278.13,36406317.0,1.0,0.0,Apple Inc,NASDAQ,Stock,USD,AAPL,XNAS,2025-12-08T00:00:00+0000
278.16,280.03,276.92,277.18,31711233.0,280.03,276.92,277.18,278.16,31753410.0,1.0,0.0,Apple Inc,NASDAQ,Stock,USD,AAPL,XNAS,2025-12-09T00:00:00+0000
277.87,279.75,276.44,278.78,31806647.0,279.75,276.44,278.78,277.75,33038318.0,1.0,0.0,Apple Inc,NASDAQ,Stock,USD,AAPL,XNAS,2025-12-10T00:00:00+0000
279.095,279.58,273.81,278.03,30285187.0,279.59,273.81,278.03,279.095,33247986.0,1.0,0.0,Apple Inc,NASDAQ,Stock,USD,AAPL,XNAS,2025-12-11T00:00:00+0000
277.795,279.22,276.82,278.28,38360082.0,279.22,276.82,278.28,277.9,39532887.0,1.0,0.0,Apple Inc,NASDAQ,Stock,USD,AAPL,XNAS,2025-12-12T00:00:00+0000
280.02,280.05,272.84,274.11,49752479.0,280.15,272.84,274.11,280.15,50409078.0,1.0,0.0,Apple Inc,NASDAQ,Stock,USD,AAPL,XNAS,2025-12-15T00:00:00+0000
272.82,275.5,271.79,274.61,37339504.0,275.5,271.79,274.61,272.82,37648628.0,1.0,0.0,Apple Inc,NASDAQ,Stock,USD,AAPL,XNAS,2025-12-16T00:00:00+0000
275.01,276.16,271.69,271.84,49406521.0,276.16,271.64,271.84,275.01,50138743.0,1.0,0.0,Apple Inc,NASDAQ,Stock,USD,AAPL,XNAS,2025-12-17T00:00:00+0000
273.605,273.62,266.96,272.19,51509672.0,273.63,266.95,272.19,273.605,51630721.0,1.0,0.0,Apple Inc,NASDAQ,Stock,USD,AAPL,XNAS,2025-12-18T00:00:00+0000
272.145,274.5763,269.9,273.67,111198501.0,274.6,269.9,273.67,272.145,144632048.0,1.0,0.0,Apple Inc,NASDAQ,Stock,USD,AAPL,XNAS,2025-12-19T00:00:00+0000
272.86,273.88,270.505,270.97,36445199.0,273.88,270.505,270.97,272.86,36571827.0,1.0,0.0,Apple Inc,NASDAQ,Stock,USD,AAPL,XNAS,2025-12-22T00:00:00+0000
270.84,272.45,269.56,272.36,29357314.0,272.5,269.56,272.36,270.84,29641999.0,1.0,0.0,Apple Inc,NASDAQ,Stock,USD,AAPL,XNAS,2025-12-23T00:00:00+0000
272.34,275.43,272.2,273.81,17910600.0,275.43,272.195,273.81,272.34,17910574.0,1.0,0.0,Apple Inc,NASDAQ,Stock,USD,AAPL,XNAS,2025-12-24T00:00:00+0000
274.23,275.37,272.87,273.4,21004185.0,275.37,272.86,273.4,274.16,21521802.0,1.0,0.0,Apple Inc,NASDAQ,Stock,USD,AAPL,XNAS,2025-12-26T00:00:00+0000
274.23,274.36,272.35,273.76,23399554.0,274.36,272.35,273.76,272.69,23715213.0,1.0,0.0,Apple Inc,NASDAQ,Stock,USD,AAPL,XNAS,2025-12-29T00:00:00+0000
272.835,274.08,272.28,273.08,22090083.0,274.08,272.28,273.08,272.81,22139617.0,1.0,0.0,Apple Inc,NASDAQ,Stock,USD,AAPL,XNAS,2025-12-30T00:00:00+0000
273.06,273.68,271.75,271.86,27293600.0,273.68,271.75,271.86,273.06,27293639.0,1.0,0.0,Apple Inc,NASDAQ,Stock,USD,AAPL,XNAS,2025-12-31T00:00:00+0000
272.05,277.8248,269.02,271.01,37746172.0,277.84,269.0,271.01,272.255,37838054.0,1.0,0.0,Apple Inc,NASDAQ,Stock,USD,AAPL,XNAS,2026-01-02T00:00:00+0000
270.64,271.51,266.14,267.26,45647200.0,271.51,266.14,267.26,270.64,45647190.0,1.0,0.0,Apple Inc,NASDAQ,Stock,USD,AAPL,XNAS,2026-01-05T00:00:00+0000
267.0,267.55,262.12,262.36,52282100.0,267.55,262.12,262.36,267.0,52352090.0,1.0,0.0,Apple Inc,NASDAQ,Stock,USD,AAPL,XNAS,2026-01-06T00:00:00+0000
263.2,263.68,259.81,260.33,48262000.0,263.68,259.81,260.33,263.2,48309804.0,1.0,0.0,Apple Inc,NASDAQ,Stock,USD,AAPL,XNAS,2026-01-07T00:00:00+0000
256.995,259.28,255.7,259.04,50211734.0,259.29,255.7,259.04,257.02,50419337.0,1.0,0.0,Apple Inc,NASDAQ,Stock,USD,AAPL,XNAS,2026-01-08T00:00:00+0000
259.075,260.21,256.2201,259.37,39911019.0,260.21,256.22,259.37,259.075,39996967.0,1.0,0.0,Apple Inc,NASDAQ,Stock,USD,AAPL,XNAS,2026-01-09T00:00:00+0000
259.41,261.3,256.8,260.25,45056584.0,261.3,256.8,260.25,259.16,45263767.0,1.0,0.0,Apple Inc,NASDAQ,Stock,USD,AAPL,XNAS,2026-01-12T00:00:00+0000
259.41,261.81,258.39,261.05,41482227.0,261.81,258.39,261.05,258.72,45730847.0,1.0,0.0,Apple Inc,NASDAQ,Stock,USD,AAPL,XNAS,2026-01-13T00:00:00+0000
258.72,261.81,256.71,259.96,39954522.0,261.82,256.71,259.96,259.49,40019421.0,1.0,0.0,Apple Inc,NASDAQ,Stock,USD,AAPL,XNAS,2026-01-14T00:00:00+0000
258.72,261.03,257.05,258.21,34022938.0,261.04,257.05,258.21,260.65,39388564.0,1.0,0.0,Apple Inc,NASDAQ,Stock,USD,AAPL,XNAS,2026-01-15T00:00:00+0000
257.9,258.9,254.93,255.53,72018600.0,258.9,254.93,255.53,257.9,72142773.0,1.0,0.0,Apple Inc,NASDAQ,Stock,USD,AAPL,XNAS,2026-01-16T00:00:00+0000
252.51,254.79,243.42,246.7,77475520.0,254.79,243.42,246.7,252.73,77280987.0,1.0,0.0,Apple Inc,NASDAQ,Stock,USD,AAPL,XNAS,2026-01-20T00:00:00+0000
248.71,251.56,245.19,247.65,54151253.0,251.56,245.18,247.65,248.7,54641725.0,1.0,0.0,Apple Inc,NASDAQ,Stock,USD,AAPL,XNAS,2026-01-21T00:00:00+0000
249.2,251.0,248.18,248.35,36743336.0,251.0,248.15,248.35,249.2,39708340.0,1.0,0.0,Apple Inc,NASDAQ,Stock,USD,AAPL,XNAS,2026-01-22T00:00:00+0000
247.24,249.41,244.68,248.04,40981809.0,249.41,244.68,248.04,247.32,41688982.0,1.0,0.0,Apple Inc,NASDAQ,Stock,USD,AAPL,XNAS,2026-01-23T00:00:00+0000
251.48,256.56,249.8,255.41,55448748.0,256.56,249.8,255.41,251.48,55969234.0,1.0,0.0,Apple Inc,NASDAQ,Stock,USD,AAPL,XNAS,2026-01-26T00:00:00+0000
259.14,261.95,258.21,258.27,42113358.0,261.95,258.21,258.27,259.17,48787855.0,1.0,0.0,Apple Inc,NASDAQ,Stock,USD,AAPL,XNAS,2026-01-27T00:00:00+0000
257.56,258.855,254.51,256.44,33041915.0,258.855,254.51,256.44,257.65,41287971.0,1.0,0.0,Apple Inc,NASDAQ,Stock,USD,AAPL,XNAS,2026-01-28T00:00:00+0000
258.07,259.65,254.41,258.28,55636341.0,259.65,254.41,258.28,258.0,67253009.0,1.0,0.0,Apple Inc,NASDAQ,Stock,USD,AAPL,XNAS,2026-01-29T00:00:00+0000
255.165,261.64,252.18,259.48,79605051.0,261.8999,252.18,259.48,255.165,92443408.0,1.0,0.0,Apple Inc,NASDAQ,Stock,USD,AAPL,XNAS,2026-01-30T00:00:00+0000
260.02,270.49,259.205,270.01,72890096.0,270.49,259.205,270.01,260.03,73913425.0,1.0,0.0,Apple Inc,NASDAQ,Stock,USD,AAPL,XNAS,2026-02-02T00:00:00+0000
269.13,271.875,267.61,269.48,63714867.0,271.875,267.61,269.48,269.2,63799388.0,1.0,0.0,Apple Inc,NASDAQ,Stock,USD,AAPL,XNAS,2026-02-03T00:00:00+0000
272.29,278.95,272.29,276.49,90458500.0,278.95,272.285,276.49,272.285,90545710.0,1.0,0.0,Apple Inc,NASDAQ,Stock,USD,AAPL,XNAS,2026-02-04T00:00:00+0000
278.02,279.5,273.23,275.91,52178159.0,279.5,273.23,275.91,278.13,52977441.0,1.0,0.0,Apple Inc,NASDAQ,Stock,USD,AAPL,XNAS,2026-02-05T00:00:00+0000
277.16,280.905,276.925,278.12,50050812.0,280.905,276.925,278.12,277.12,50453414.0,1.0,0.0,Apple Inc,NASDAQ,Stock,USD,AAPL,XNAS,2026-02-06T00:00:00+0000
277.91,278.2,271.7,274.62,44562300.0,278.2,271.7,274.62,277.905,44623396.0,1.0,0.26,Apple Inc,NASDAQ,Stock,USD,AAPL,XNAS,2026-02-09T00:00:00+0000
274.885,275.36,272.94,273.68,34311675.0,275.37,272.94,273.68,274.885,34376898.0,1.0,0.0,Apple Inc,NASDAQ,Stock,USD,AAPL,XNAS,2026-02-10T00:00:00+0000
274.695,280.18,274.45,275.5,51915838.0,280.18,274.45,275.5,274.695,51931283.0,1.0,0.0,Apple Inc,NASDAQ,Stock,USD,AAPL,XNAS,2026-02-11T00:00:00+0000
275.6,275.72,260.18,261.73,71430852.0,275.72,260.18,261.73,275.59,81077229.0,1.0,0.0,Apple Inc,NASDAQ,Stock,USD,AAPL,XNAS,2026-02-12T00:00:00+0000
262.01,262.23,255.45,255.78,56229900.0,262.23,255.45,255.78,262.01,56290673.0,1.0,0.0,Apple Inc,NASDAQ,Stock,USD,AAPL,XNAS,2026-02-13T00:00:00+0000
258.05,266.29,255.54,263.88,58392700.0,266.29,255.54,263.88,258.05,58469094.0,1.0,0.0,Apple Inc,NASDAQ,Stock,USD,AAPL,XNAS,2026-02-17T00:00:00+0000
